,growth,defeat,iteration,lemonade
0,1.0538536114044361,5.1070912438072416,2.0511968807058283,-1.3852018549278298
1,3.4063638020705618,3.3856083481714934,3.420061851409298,1.7416733860985567
2,1.7319797519892783,4.522956764005464,5.152735020895334,-0.32710010988285315
3,0.5968757788461154,4.963052136444713,2.8892269685655405,-0.37554008696722124
4,,4.046919198005089,4.767035349853315,1.0157819639318606
5,1.8195114062563358,4.083982278394741,4.996051237225486,2.1654419940749987
6,0.9120694028274997,0.7427609349036756,1.7158576839866393,2.001918983330244
7,-1.2589689343993544,2.436661502941662,1.3192170070240343,1.8602306582032917
8,2.083545523251714,-0.2143399246513023,1.8932644806386354,2.3671389852361253
9,-0.46966805035060094,1.9096905957068557,0.9168153049665654,0.3365254865725159
10,2.066382813479181,4.760000352071045,5.798763831752597,0.820645844450519
11,1.3227710525507228,5.779466525157913,2.8889731630739353,1.0947525498997013
12,1.8247300309683248,3.1178099428662116,5.019492452146321,-0.9931645238325257
13,-0.5228379974434068,3.4281331573965077,4.121892826957633,-0.6690068738359135
14,0.694850145566144,0.5914798901135104,0.7441154984412762,1.2520510608488495
15,3.5400304506429454,4.788458220486191,0.25223377407720615,0.7142829909482236
16,0.26466575493166145,2.568114125924342,2.609298273417598,1.7732743122323695
17,3.4319544784037417,1.9099990322908231,1.9715150387813372,0.9915629077628761
18,0.3926228924126003,3.2819214313711726,3.467543526029738,1.7554832350512997
19,3.5710032594088803,1.0736438779630653,0.45374681487426455,2.5032892280358436
20,1.68355877235364,1.6542099346475163,4.684774118001973,-0.7370277311900889
21,4.392136463360957,3.3175683100428484,2.2188385463895224,-0.9033589128737504
22,0.9157856489422962,2.8860972229874116,2.743863303174868,1.3687816547538925
23,4.448012419905988,4.623721374223141,4.916344686843607,0.506285439531178
24,3.283261110913297,4.513397932740581,5.864373318536093,0.9736907918343376
25,0.7148852891420892,1.0291494660156189,0.02013649819694353,-0.7365393573439222
26,2.178345127265511,3.820601525298587,4.287208706006843,1.4577379737113252
27,4.111479829596388,2.0806347347699456,2.9234778120633065,-1.0172126064040294
28,2.1702273156578538,5.308878963895447,3.0750672191556356,-0.9099255177847486
29,0.7057191984984696,4.317195012100002,3.600973030504645,2.3485908033963367
30,1.7000334099127594,4.396796771937163,2.7917555981266,1.767779000765802
31,0.47052897670096144,4.301230750251709,3.5940171157976404,0.11808016557559134
32,-0.14180456998321062,0.9118100435979881,0.9069821976006835,3.2292317079641846
33,1.329023397309166,3.965636000935896,2.103979344655901,1.4577379737113252
34,0.328004664988409,1.397923725686319,2.920749852268584,0.8478096208592468
35,0.7289620511419179,3.685868254669444,3.3064257188686357,0.7193404498933779
36,3.4917142923855007,2.985753885129048,5.20036527500565,1.1605872767534908
37,0.5413902920037097,4.277148632794501,1.5951824403491242,-0.429770412693215
38,4.430864874881976,3.2464012157894566,4.639661647540989,1.7180756060478313
39,0.8135045149990845,3.6848772467970594,5.13806133339761,4.028720314588469
40,2.963959216264378,0.8660534001039774,1.7329074085158496,0.6243249573509712
41,3.664688103055102,3.44540929414468,6.1905996622751776,0.6781253679066578
42,2.130495908111901,1.5404363821907119,3.638428116630354,2.4871808948927456
43,3.5035303163887805,3.4212377996340106,2.8601051271326834,0.6986381310057718
44,3.566682494612316,4.421066495340741,3.085523344313889,-1.110864938644992
45,2.814993936887666,1.7107959256006517,1.4554373838487569,0.6165672508569555
46,0.40944688071217966,2.082702508733813,2.133201658282544,-1.694175183836292
47,1.1825938230242408,2.4992455550293355,2.1994450704211586,2.318809314180398
48,-0.3141794394902649,1.9087883556573164,2.9145295087403795,2.5942013271610986
49,0.9549274535486271,0.4609922135586848,2.7854068393619564,-0.7300137645287412
50,0.9156984685185643,1.6545301283290077,1.7805731341332032,-1.7339768799709128
51,3.3570803049661566,0.8962455068618845,2.56822974498365,2.893676148784384
52,1.483524354939821,3.03578450064124,1.8760996357468576,-0.9057814462600394
53,-0.3838581894527904,2.8176096664490413,2.7807798038612375,-1.02733920826829
54,2.24004055932853,0.5015257870578573,1.928658184969672,2.2326814190906226
55,1.6692149278629276,4.107330551780612,3.6050715001921505,-0.6950284229442261
56,-0.6112498455021266,5.495842216954239,2.3978073886987934,-0.44291336489637295
57,0.07065947282711178,5.698159869466891,4.251703565657065,-0.9933469716642811
58,1.8574640785928966,3.94104133495757,5.151834482616528,-0.7611380499789852
59,-0.1957718103930485,3.242861613062256,1.5858891844593286,1.27397997587556
60,-0.3525556554129167,3.1015736994895007,4.841243343135389,
61,1.5035260507241663,3.5773752441822126,2.6450962662125033,-1.0755142413477863
62,1.6643638857807272,3.7225219588202916,3.2332245527012637,1.4152748860214408
63,-2.15945608605653,3.196440392041632,1.8278932600876796,1.0358021783255724
64,-1.5932812928286526,3.709161514283436,5.346687227335973,-0.6083078269198363
65,1.777385249787506,2.3718842983267225,3.181332341739787,-1.0911171849386967
66,0.3109202908686744,1.1289534131303063,1.8397149926642846,0.5444599888508748
67,2.8997447206821456,3.4797356964238753,-0.7119267556192408,0.970170792454982
68,1.1752723788179449,0.6389992304343532,1.6016760694017553,0.4996874804369965
69,-0.032750233005090806,1.320906447147066,0.5156597325278697,1.0716550807843859
70,0.7220452603324455,2.8478083434352515,0.6628571696682469,-0.732785850158485
71,3.0728710347427586,1.3194155620800454,2.714039990843065,1.4577379737113252
72,2.028240985622425,-0.6034509825089518,-0.7047773111507784,-1.0488633819089646
73,1.676034534951538,2.050069630844082,-0.8330116159651901,1.4577379737113252
74,1.3067369347944258,2.6785191128993793,0.8580840963623672,0.9646107990231604
75,1.584979765475651,2.740340056953511,0.5490136068835737,1.2680665704929137
76,1.4967547230844622,0.23229706124058372,0.12679578233524363,-1.1536328538805924
77,-2.3537030698371777,2.388432775147586,1.0454225163708095,
78,2.07247664511207,4.611654125244509,5.435227536908365,-1.2291581936208265
79,2.5451082296791263,4.613290430357392,2.273741285016115,0.6343920530430665
80,0.634556002038379,2.2887684724547817,4.27732665915854,0.6757706161091657
81,1.1683181023542957,2.545855432868774,4.602879416650876,0.2087358523543231
82,2.708440125672356,1.3631762624517985,0.9155682378848405,-1.1080267219745792
83,3.119115664216238,3.0253786834822245,6.278175487011567,
84,2.670061831230985,2.64433070272117,1.1467184974138178,-1.475885043390268
85,1.0418065667335559,3.510954476782404,2.9360758287486313,1.4577379737113252
86,2.222565456419361,2.545632689651884,2.6860855926909566,0.20546619877500558
87,2.490353251842878,3.7997427161904267,4.989813711100751,0.41723209797086697
88,1.8757947597842823,2.5491788036279774,0.8814034895094816,-1.0144753423388169
89,0.22575186920272952,2.558868014360109,3.908458416964283,
90,3.594997388683819,1.4152748860214408,2.1571832377832503,1.4577379737113252
91,2.8757079379310237,3.3613935793756475,5.2706820268068,-0.41170018462244035
92,1.232939405226869,3.2258319503443733,3.1258995352807886,3.1215801862014745
93,3.7591720940712623,3.975105484715357,4.209106501397529,3.350503609131265
94,0.8401245000337625,4.2632130840867255,6.907023233689206,2.4084625138334137
95,0.44894563268143134,2.012249450628559,1.49201330479918,2.28060541565725
96,2.378828322179509,2.6921855100519068,5.446142607437604,
97,3.4011848435317975,3.196579595399749,2.779526098009902,1.0668705440346753
98,3.3322650833735037,4.514004284089979,4.539147836610342,0.7370277311900889
99,0.47555401585909746,3.3422281139004117,2.6305791549819926,3.82480575622445
100,4.18076300987795,3.877369563651895,5.409850772877691,1.746912593102623
101,2.6954761976559487,3.2292064733620185,4.481603187465765,-1.4626421941143894
102,2.181219100233696,2.4373750175777777,5.4305444198262425,
103,0.5050603153757383,1.2555975583519818,0.8285386633174979,0.7370277311900889
104,0.0976418969429031,2.727121740077421,6.143094140374267,1.6581085874924728
105,1.7236178517294336,2.299641506263087,-0.08550920045576525,2.1805255771750898
106,1.447748331789107,3.198505827622587,2.7043646891717277,0.45453510621013815
107,2.0526489953003586,2.5699769207325596,0.9455784886705496,1.0384582920995256
108,2.3579026160577294,2.024299405677631,2.3012542001885055,1.6843251084614346
109,-0.11169570859583251,0.293294667338899,1.0894977466787659,2.112133389605031
110,1.8525611074803232,2.350242176325016,0.5056988536898696,
111,1.6670760607792392,0.500291728560541,1.668632082678994,0.9828169047621059
112,0.5770635528784227,3.508629861131276,3.1564966825837826,
113,-0.4047803192234496,2.456777452666034,0.17979948221475447,0.6928552629933391
114,1.7920930784188793,1.6671280540550042,1.008245772509208,3.0787737730631966
115,0.88456697325938,2.1401005805804774,1.9012546494311169,-0.28634179168005597
116,1.3123129668246722,1.2596093658437506,1.208156487115609,
117,-0.048475912092006114,1.2555975583519818,-1.8088196371769272,
118,0.7496138554299923,3.530500884182775,0.7102371894007329,-0.4182736926840715
119,3.3586555582749877,3.0942705005349707,1.7864716219041805,2.258279835539911
120,3.7920027494885504,0.6066714963251338,2.101324757610472,2.2234065961584757
121,1.4296446625522978,2.5143165448451046,3.45461799090224,-0.3677807774825634
122,3.480687083392602,1.559775452756663,4.954366808385664,2.4137335800610886
123,0.7420758496625977,1.9078934334754174,5.180201846490893,2.1445496756279043
124,1.9992434360185642,-0.498203544182738,1.1825501873820972,0.6819830437001494
125,2.994895027861104,1.0160160178143787,3.1962571427344075,-1.380933287377072
126,3.3317335324126254,-0.24700097763362017,2.136092814951021,2.0367188064910486
127,3.5463862563642343,0.8776092555870885,2.608054949351858,-1.4577379737113254
128,1.1099292606320141,0.9698139986029276,3.721476160235435,0.7756311031142743
129,5.556730818247773,1.6602150819263215,3.7621417287199725,3.2335544771913782
130,1.8290299958993648,-0.03657631502906166,3.48067813822488,3.814164204735117
131,1.1770150454057853,2.478317651043771,4.502049284899903,-0.9059030546742843
132,1.985434835165251,0.6986381310057718,1.2239898871287547,-0.7370277311900889
133,1.6802043252696843,0.09454078378584425,4.7472673148408,0.42262178544917706
134,5.354932161737976,0.1900490868870895,3.2173684824373803,0.9523385053744673
135,3.2586343822076693,1.5627101764995106,1.4125038919643453,1.2947496175155317
136,3.129834236060426,4.2931996048855225,5.074719691440074,1.4274832485698004
137,2.1152415009964756,4.26269844197346,3.7492409665832103,0.8354461754216477
138,3.8012536928896368,4.054464054787573,4.586468579101676,3.36929182116212
139,2.9441097689328775,3.565551330698086,6.039816943801739,3.890832038863855
140,1.1334227587750108,1.2005714184638792,0.12443245003232035,1.6650898622864883
141,2.529347408792922,3.0939760958781046,4.300445095071156,-0.6986381310057719
142,3.3195801948034678,0.7487074986828642,2.5525020303426937,3.3874795276471925
143,3.7725804150792266,4.134740368440794,3.4650284985977287,1.4577379737113252
144,2.04226560780247,4.300439745466639,4.540048270829801,3.0702489416983934
145,5.062885532279308,4.9164845981556065,4.184035933303292,1.0574805132386675
146,1.6108409184127244,1.8898772757592284,4.174495869123304,1.1284447925294012
147,0.7273024127942319,2.9194774703227275,3.8246172178628535,0.4529758551928221
148,2.5824662564088063,0.9059030546742843,-0.6596380657742469,0.6986381310057718
149,3.4950499685435052,3.0743334213781006,5.321865727307037,0.2203669613917119
150,3.2020564086892898,3.8678033295865766,7.228311657735304,4.130101904335042
151,2.1305765141132356,3.9515656650316577,3.5388643781392726,3.6374307793339224
152,4.100600900223978,1.6566241961847166,5.1658706809773305,1.0605122254949433
153,2.639982149282543,1.8762498933968073,2.4221254318123884,0.6498576085312892
154,1.8977361481151922,2.074632147903433,3.311330034969317,1.4420553771500513
155,3.692426356977946,2.580915771856248,3.607339359378437,-1.0584502935670954
156,3.0521867715561393,2.681375971380436,3.880060717604582,-0.7334571205286246
157,1.5913506394756791,0.13321497260575954,1.2540158908943508,-0.6989313763067038
158,0.8652825977266795,1.6083632853820196,2.851505988666649,
159,1.6840536170894114,1.2025299371789966,1.9014498760598288,-0.00342551694963332
160,3.0778282963350705,1.4971196614275741,1.547411438794769,
161,2.835835403370668,2.3221643000171612,4.301160756508979,1.0222727060715369
162,3.2143476555374244,3.3779575267151936,2.833506549723416,-0.7023450651951838
163,0.5358094845815851,1.5849916713562415,5.381800932878753,0.35062031091720536
164,-1.9481051787140309,1.738062774555921,1.3005632573375223,
165,1.4235888688843432,0.4798580464671812,0.4002414897278502,
166,2.887443923873243,1.591321797581639,3.6456305259042656,-0.4843221048378526
167,0.042796049251091046,3.4558984094174847,3.4860202386176073,1.0914302777700051
168,-1.0476983063254128,3.538840787812883,1.5960256226161473,-0.4550202781902454
169,1.6612148116498822,0.9814590475434025,2.7535595700181834,-0.06152704280765916
170,4.709574025173658,3.247017182570691,3.1419123957843382,0.736689857700413
171,1.8183522756842638,4.330443981628051,2.5412600278605506,0.6613931544860837
172,0.14267751605045648,3.078909257349397,1.3687344470379168,0.08456625357911168
173,4.212568671769941,3.4202076852193506,2.294690819930039,2.13408283607384
174,1.103562029044312,3.1657073872730663,5.477778228171334,2.300020188304252
175,-0.07713331822630828,1.1187227215577147,0.5432642364172683,0.6035324003463268
176,1.8009162386712025,2.4895597922959927,3.483676476644048,-1.7339768799709128
177,1.846776049878967,1.9011847974400553,1.5393618444643948,3.0950528414942093
178,2.280875161131318,4.1472426651397685,4.988523511975712,-0.698638131005772
179,0.49231816943763523,3.1317289397386294,3.7970262197150766,-0.06440571066131676
180,3.2106263119525806,3.7054840769996513,2.887368225103898,1.7586742049306605
181,1.4952301199515494,2.3700546742823394,3.8108901050694137,3.7336104822070078
182,0.25561229819137843,1.311337689737832,3.4228609904392777,-0.7161419580535134
183,-0.4671683872114485,1.2555975583519818,-0.06439061929203366,-0.698638131005772
184,0.09748405157291995,1.54141069298002,5.274484374034047,-0.8056360791137931
185,2.4384191010006884,4.265119917653847,4.426351539787242,0.887438854971627
186,1.509846104196936,4.195722485161536,1.8977486324325419,0.342802890117671
187,2.319438931393974,0.3748202911750574,3.8856071569490287,3.2337620543269394
188,2.6505848716647904,4.109046852848049,3.97634096793751,1.3521414351760372
189,1.4340717788657227,2.044217001001259,4.527331667344882,-0.11441526383928258
190,2.361622725959124,3.364396120157805,2.3329233634922355,1.0916770557128377
191,0.26905711230357404,2.949239629587454,3.0609197804984167,0.9723812481885866
192,2.304791295390589,4.784902242464293,4.042209655305896,2.433594023210073
193,2.793766218551666,3.1950229718206775,4.747807378503967,3.116347710784609
194,0.18449420260504648,1.0602984133296485,2.2652377253799276,2.5462580573961477
195,2.0958451662889015,3.7800104574239617,3.821134342048537,1.4577379737113252
196,2.099209482352674,1.2279519174675477,0.9551613359265726,1.3186025536524517
197,4.898443559017915,3.9706452029573263,3.734611849554553,0.7370277311900889
198,0.7418883472640961,3.5859806790836966,2.1933170822481376,1.3856169855745997
199,3.9240418276826317,4.740512085727242,2.463029818772451,2.3630120050764054
200,0.21575452087007183,0.33113172334564933,1.9726428155074691,0.04249125552071774
201,-0.4914225520176612,2.9438457857535045,3.9054043075555134,-0.6986381310057719
202,2.4673388873163176,0.7161419580535133,0.10121378845658151,1.4577379737113252
203,0.9106897216690536,3.9199940794403343,0.7204485555264958,2.046357336522582
204,2.640485476207061,2.2337780338125017,4.894842827278205,4.134544400510948
205,1.8911449716970383,3.0704322563502675,1.0596014847170379,2.5107510821489574
206,5.225041025795704,1.8594095018554764,4.351957906919214,1.8719428038926509
207,4.993127369100831,3.368755750483475,2.983282689221021,4.062945966792379
208,1.167241457355608,3.8433478115749744,0.5577286751959938,-0.6537261329401279
209,2.0346792796069573,2.836696750060101,4.389485217499367,0.9411325599098762
210,2.4470792398104773,3.5561657813506784,4.370469941798472,2.3999351840008685
211,1.7747956696981928,4.245731970189765,3.135015260730013,-1.0844143657591847
212,1.9074682504350224,3.6205726643183818,4.839920730832782,3.1010940840062253
213,2.345856767101661,5.745863891550618,4.652681765910259,2.8813561045769966
214,0.642735982716124,1.9907878723107302,0.5408884702776198,2.869401163138304
215,1.912100551144772,2.2130432730410097,6.187888434565963,1.4577379737113252
216,2.313211356584996,2.14573385142684,2.3789566805988103,3.1891952712279257
217,2.966874789949724,3.8533146105942797,2.6041588407766283,-0.6986381310057719
218,1.4744816726868097,5.068804598555955,4.054472640902022,1.6957724275104877
219,2.9440674131307714,5.575288574937566,4.477321041906308,2.3886561874644796
220,2.978958467291285,2.620338150941911,1.4259790059107302,1.1783911185425004
221,2.5046712105594233,2.124465148812719,4.819784733406732,-0.6986381310057719
222,0.5678759232498712,1.2555975583519818,1.915556474125701,-1.4577379737113254
223,1.7490559098187282,2.508877933104426,6.498658308377339,-1.0093833949527025
224,2.0585448663663453,3.7989778431264196,5.950664579635604,2.8788515667206545
225,1.1564266548597484,3.4559889539386006,0.5509094341379885,1.7946765006664473
226,1.1561682042467085,0.8386473453114006,3.303250038528754,4.300463186534386
227,3.214289097821252,5.705779848499112,4.834463891518147,2.754132256342485
228,0.460299057100574,3.4675520136703097,2.6627284933317905,-0.10551642577586075
229,3.471999945199998,4.7327655913288185,5.322102144015773,2.5122406434607782
230,2.0093592783076915,3.2900586914853402,2.7591249252136443,4.5281094549865015
231,2.1322716115547564,4.100566879666864,2.1967745911824346,1.4854909733568114
232,1.425992343013755,3.9362723968909386,0.5043740438415938,1.0876961695034013
233,2.805415931863322,3.4491002183118953,2.5765543750078934,1.2783468663939757
234,2.235776954817899,3.175729500015215,4.446051557768583,1.804554684897206
235,0.3832631271611247,1.6679989579930106,-0.09282909463017774,1.5211236793146072
236,1.792711179337097,2.5649336635868543,2.6450179980594433,-0.6986381310057719
237,3.1500732062374412,1.3828966491098236,0.6791495643922988,0.3331141446010728
238,2.8399676736868886,3.4299391510450077,4.289259098309667,1.231525380405499
239,0.8397727661670451,3.0148387308035134,1.7271800859680122,2.989843717124995
240,3.3806332198828772,3.687701547258348,2.632804971955518,1.6056928379189486
241,1.9681540111763793,1.3325918138132655,2.1557105366689173,-0.23889539469313753
242,1.0456275034815787,3.0454914524107277,3.4961365202841965,0.7370277311900889
243,2.24675266657574,1.2555975583519818,0.647658795003151,0.7370277311900889
244,1.0664069246395724,2.5351568028230966,1.984006025660714,1.8174614118835994
245,3.9988591880410254,3.21029509837444,5.9299924839088884,4.258628930831302
246,3.0716954979687863,3.758080489901594,1.054927340919169,2.8733716432850374
247,3.7042414537784816,0.2874245947438359,3.581477443422911,2.076902682409296
248,4.177223779494015,4.736468803643893,4.0583402681389,2.615267833318599
249,2.3805015287185833,1.604767841459673,1.3008146791161785,0.606148302678986
250,2.619423255837149,2.49654310410207,3.9251651841691717,0.8851368523997789
251,2.9510892438616203,2.049579389606192,2.170537319077946,2.287199089634906
252,2.06574480498576,4.549366156778106,2.0275528426941407,2.6945066982112094
253,3.961067366730108,2.3248547011216285,4.736481239554602,1.8202441840272559
254,1.7992465466392373,3.139556439777643,4.037566059720098,1.1383371317145063
255,3.462605195669735,4.078774049960795,6.1249204897554606,2.2259639989337403
256,2.7107279999621965,4.345356575161699,8.394847979940733,1.352313199297848
257,3.4909283965102293,0.13305694449050925,0.3281160752565672,0.7037523227659103
258,4.4029749726714345,4.173039471324341,5.5631553518901455,1.4577379737113252
259,3.4358024448587785,2.7657375385973144,5.359002120700346,1.458860372588359
260,4.840854073345658,1.3685553764261849,5.763702506611845,1.8055083694218061
261,2.6041108566322406,3.545437979787335,3.513435625950206,1.4730642617835712
262,4.628292296955695,4.660716635860173,4.920716244212982,3.3851783057971536
263,2.7386312246730777,1.3571919601834703,3.973491280101872,-0.7088075518980496
264,-0.7427507398800578,2.495172583709112,5.241100035643693,1.4577379737113252
265,2.452872833659212,0.7161419580535133,0.7709440081635259,0.7370277311900889
266,6.375325205556343,3.220537454985872,5.100219335470893,0.45343877451530307
267,2.880190204293467,1.7245545267883513,5.915113937234158,1.2368752281824713
268,1.4806688266018766,2.885779001740437,3.0242421836300393,4.669045310386765
269,3.232128417587633,0.659283009538008,4.253699899421633,-0.5595900239639422
270,4.412252766345056,3.6813749473923956,4.638179176738662,2.150810850808566
271,4.059395379051488,1.3291254529373246,5.148464152831615,-0.8080090853843644
272,3.418938925878757,3.362479297072498,5.904818100220763,0.779453365787478
273,3.7489955418426075,3.768074091614304,3.8615375522763005,1.5183207942800632
274,3.544327905635028,4.955127758450376,5.050854846119036,2.1861896723029624
275,2.6472379186684547,3.117026665463095,3.5213028956225227,2.6984317454450344
276,1.1788907015549883,2.6144965926677997,1.4936589416152124,1.862297738344231
277,-0.7241479433806595,3.0466486169988736,3.4886135293322247,0.45963666494689986
278,1.7836441714265094,2.6375155953580425,3.6801329014414343,3.9168462868811775
279,0.319660259660105,3.666869722214577,4.998214398970836,3.9376663260591345
280,1.322689673064648,0.5658199247313735,0.7969946289937887,2.3180857064831457
281,1.8291483657589813,1.5412426834743556,2.6546041411481758,-0.698638131005772
282,3.1694346961412214,1.4347969851304032,2.527081514092645,2.756341375082775
283,1.3266756260329418,3.5162008606828126,3.113911087469375,-0.698638131005772
284,-1.295084484874178,2.009863823399025,2.5611880927362582,0.6901688402077188
285,2.3448634459303053,4.555895807719895,3.1120849588401622,2.8059625995381032
286,2.5023485347209338,2.0397458334308984,2.945236531745057,4.592162087199253
287,1.5580537597287019,1.624910081479869,4.876911275660794,-0.9059030546742843
288,0.45884071775069873,0.698638131005772,0.37525190101793743,-0.698638131005772
289,1.174853722193576,1.7412501511501937,3.395005330971642,-0.27296041684200606
290,2.572638234562696,4.397322739212091,4.876200106718172,1.47967102595383
291,3.3420483473105342,3.3513784470009926,1.5458428651886313,1.049245102702939
292,3.11788152275316,3.5560607959614647,2.2639394662443495,3.8773347925774084
293,1.759606798208721,4.626991929204291,3.891437066849327,2.66541989876032
294,-0.954606837985799,3.9866223142429664,3.6101552464519293,-0.6586507481502625
295,1.6655419322184317,3.6246853855583483,6.20620607210786,4.141525753314016
296,0.8411817342544959,3.1274705806301575,3.281008784111622,3.401283314968456
297,1.6635676225928602,4.526280687216467,4.5618832332504855,5.051979427304533
298,2.0517148033969215,3.588246236748191,2.823090517632318,2.521382202976689
299,2.060458168787719,3.0759190735575856,5.229914513189884,1.7635933882706858
300,2.210372216821162,4.4563384714609695,2.9013798649566307,4.6642002282800865
301,-0.11345251527973339,4.181641566032172,2.3744475038886517,-0.8275532467514108
302,3.318196154985325,3.0681406639826716,1.6789935858420637,2.5002653527853056
303,1.0167665883796462,2.7476283228280307,1.7307946383468207,0.12102184507048239
304,2.219187908830391,1.7983005719170717,1.0502512188426398,0.16656370872750692
305,0.39733928518928674,2.7252599334191476,1.9504519282931092,
306,2.5621110351205427,2.107149246585423,0.08678056410151465,0.46806858712928756
307,3.213716900466802,0.24822803413282019,-0.4030576357771138,
308,1.8137147792910016,1.7345285786472269,1.2727554896541524,3.1542872915694593
309,4.286847819603559,2.274582300913934,0.8874057789946482,-0.47106824067800096
310,1.437247615245473,0.5910416956574753,0.4090521267794735,-0.6911516247216218
311,-0.1783284641650881,3.1039271769293704,2.2819981907601923,1.4152748860214408
312,1.016004295693031,0.4798580464671812,2.6630814145136075,
313,2.1857075396495107,2.5128626034730943,4.159764837688885,-0.47959597592452896
314,1.949169682869519,2.4517431253645485,-0.0858741968467926,1.5193675429167852
315,0.6610020205483697,1.6110880291632386,-0.5864546791422743,1.3650964819344482
316,3.0918196568777216,-0.3341811453239521,2.0251935791940663,0.7389441259915224
317,2.4079208801513734,3.8771600018976464,3.5444362025626552,3.2612630631959134
318,2.3384711624454027,2.1741076102670833,2.432551243516101,-0.6035366436416939
319,2.5855761611984787,2.9902886201562393,2.6192633262965885,0.11012574729520819
320,2.4601893555067273,2.5328165987466793,0.7982150645391081,2.6427535122631594
321,1.813405744996464,1.87108275164524,1.2269389641511905,1.6669191011513635
322,1.736269421538259,4.501730139610468,2.4337415821840045,1.554622268292761
323,2.5012523732742507,4.209514655340442,0.825816219075809,2.098210859245921
324,2.554758088056739,2.318313507988119,1.7964875202828512,0.009526746033283654
325,3.729542283407668,2.003339010003565,3.3360794364394715,1.0309307909464325
326,0.942173193990766,3.58701238410716,2.7217631473409543,-0.4845402150165966
327,2.789755102204491,3.259563999973964,2.4851375215848517,2.563006548219054
328,2.22931645180421,3.3608655205143516,3.581397155682094,2.667921325092796
329,2.42659998531099,1.6009565378273034,1.4297187937598026,1.0683527235164962
330,2.1825889256082625,1.3418683898048989,2.3125335721213243,0.7161419580535133
331,2.6514570220623623,0.7394389862535973,1.7707962432747628,1.2779744368459984
332,2.7567849671484046,2.3481210717119034,1.4607407505856285,0.7161419580535133
333,1.839204149477339,3.6281009795591106,2.5002521155489412,0.5994175049638263
334,2.7595296292920235,3.7178340922334927,2.684890720889945,1.6230380586766648
335,2.301750749918872,1.309947729821465,4.698093902438028,4.017880261141823
336,-0.1770742030530919,1.5924387703943919,1.642389059340818,-0.7161419580535133
337,1.0842336102758008,0.698638131005772,1.8376047577468264,0.7161419580535133
338,2.305836763499663,1.6719115075062194,2.059725675971595,1.3865821483181853
339,2.1318233164277025,1.286087493728093,3.6661904562976173,1.6948829140248924
340,0.977072478377235,0.8156529842705981,1.5346704847054724,0.882309031712323
341,2.1304191497121217,0.9341222351340097,2.099053387843017,2.872240044540469
342,3.89623756180124,2.6237621814721988,3.1127666425421254,2.3129793238828955
343,3.483786657901465,1.357531452787544,3.0309504520121777,-0.10823019505056367
344,2.9710341804841387,3.1031402149251646,4.622235831727256,3.1177195468832584
345,2.147397173131987,3.1307433545839336,2.3316774715491566,2.4853601832675167
346,4.289375987427802,4.066609007632286,2.8758046237975785,3.20439417749092
347,1.9140577790488662,2.9685437611955208,1.5280519169174598,2.440482136621522
348,2.660845494100317,2.0197325522487906,2.1743480201300405,1.5310653550281434
349,-0.12561629415636252,3.7784309040279473,2.8599138048066868,4.99013362372645
350,1.6791871517080188,1.9853131750871804,2.068613087839074,-0.021633292641933213
351,3.3884034167245822,3.0528279033133106,1.731149929875675,0.918562332273714
352,0.5715959470883459,3.2938218824600876,0.7501658444842705,-1.0129271261911585
353,2.9271677055397487,2.0877794753360304,3.9978493939848074,2.4644973850977636
354,1.2108326821945867,3.0296487286770923,2.784510980506312,2.0692998250542254
355,0.9956610685352533,3.326934080015125,1.0624689673891312,1.382733278351438
356,0.7935464120028044,1.8678466340201403,0.9470623763334625,-0.9140347578336547
357,3.4440081029302965,0.380268270234498,1.25625041227152,2.265065802800497
358,2.459338527636507,1.021775756010359,2.0443018135595246,-0.7161419580535133
359,1.9884372876969767,3.2144290175664354,2.2187813127542295,1.585404939727897
360,2.5285524869870737,2.8226013160381713,3.816258611157535,3.7489060812116133
361,1.6077457802681583,3.313570600277207,3.958754026424467,2.5010896690803746
362,0.4569967399689791,2.607061374009135,1.0676800939138449,0.0
363,0.9642259090952177,1.2555975583519818,1.0445664660274716,-0.7161419580535133
364,1.671456939649002,1.1875941696495742,-1.1711749667837725,0.45072242958346287
365,2.5668395321043773,2.989783937303672,2.835733911448466,1.6387119019733118
366,1.5391857534157514,0.5492411203404385,1.4900796373342484,0.17468336484335326
367,2.9932282015753975,1.3199894919663266,3.1178925022166353,3.271506048075196
368,2.9955905981228828,3.1052738345945,1.516953493955003,2.335704262140526
369,2.6784572411696286,1.6061631022655092,2.079867233973685,-1.270313254993767
370,2.0925431420076133,2.2257787922578647,1.9673237909097712,1.9065868968357622
371,1.2095294070944815,1.3103116990416102,2.348108692225411,3.1899905723251756
372,0.6896861354057969,2.0542161480444943,2.0655868574713057,4.671296863235527
373,1.0149860434203362,1.7123808899949111,1.0339249273497446,2.428841545561506
374,2.468177039766271,2.331005789820606,4.074660612307424,0.18218295529843143
375,0.6546841720146171,2.9727633780463654,1.7569761092122325,3.97135158414562
376,1.737034549940246,1.3252564295714948,-1.0159221007373036,1.9773486737931376
377,3.2565682661878617,1.8182391980518247,2.5437438056048443,2.102471322043863
378,3.6748343677927404,3.9064721439425325,5.177304227610983,0.43513097790450606
379,2.066425088081906,5.503383287438067,3.0039991583031442,-0.45667763659898974
380,3.427499013982297,3.876306223253479,2.8662650910832204,1.0311036851011182
381,2.2875242295464315,4.476020266091653,5.3493664835533625,-1.0146496679192176
382,1.2545966474024333,0.8307704589894394,2.7264565846532887,0.9809396326630206
383,2.694684082610932,3.9015464678823206,4.150692607922517,
384,3.0651720799536366,0.812597975376883,2.628777892802591,-0.26828603304808274
385,2.9713680608238238,3.7647582327702342,3.048295322755457,
386,3.081029348216055,5.978532810830204,4.165775829337245,0.7044730072889471
387,5.4675561771136145,4.0212665013143765,3.4643523019376232,-0.7198829138854997
388,2.8861692384522253,1.6270038104238977,3.9322789778044696,-1.4328635330546768
389,-1.7601482211541981,3.138406762061541,4.538116687745634,
390,2.925336953632891,1.457737973711325,2.3009918035180825,
391,2.6780266274294533,3.5893127129925744,1.9695248940684582,-0.47801802110509223
392,2.939265279044388,2.4997938309361665,3.80712973748865,0.2313439559296867
393,2.6899255647844202,3.829850033748076,2.301048755702846,3.2610650288512777
394,4.196089211201201,3.4161470753212093,3.634261128321783,-0.27125934729654366
395,4.49844689732971,4.706530091338337,2.9125388867045237,1.4630089757833664
396,3.7543783653860863,3.634245508319731,3.6625935580820586,-0.5742710457985437
397,2.514417384098982,2.8239904200028865,2.4320638575959244,-1.4571336823738315
398,1.697690920324661,3.712543986655665,2.4795470271984623,1.7062856590190731
399,3.5668265448812324,4.793486428318914,2.152992065590363,-0.08213806478382589
400,1.775563468528552,3.6879607436787576,2.5439592934441992,0.03831228324075981
401,3.07504776743904,3.053743806269104,5.088455278501568,0.8531571324834871
402,1.0254535265331257,4.541922397987894,1.6966164743937775,-1.0793763832942707
403,3.1457833011853538,4.471658246263971,-0.402333040282132,1.0712160019633263
404,3.9075694460690724,3.9568883664730143,2.933111766284671,-0.08295853570328884
405,3.0294872170934957,3.945896978662972,3.039371096907528,-1.323308130247952
406,3.43806830630916,4.304953016928663,4.083031919035862,0.44327716255072197
407,0.1976489104308838,3.465051520602909,4.38830039734283,0.4339751528266953
408,3.0051740609404747,3.67441245586071,4.906743263313062,2.288589235095142
409,1.272173481654214,2.662386716422927,5.348417764508405,0.7960312952617363
410,2.300441964270758,1.2424302707698196,0.7385239737642079,2.997377056938706
411,2.0537624304444995,1.7533378977882208,3.619361558056238,
412,2.59119118203092,3.2768575354796607,1.8587024718515621,2.278503837342007
413,4.253014709006418,2.46100959309555,4.419118372936151,1.4152748860214408
414,1.5651924128820769,4.714095431740294,3.3450418264474546,3.244224734165451
415,2.736526776266852,3.930726290936724,4.118762059855704,-0.3306308014814511
416,0.8156096479805137,2.5777735124764996,4.302907343129747,-1.0052734376755283
417,0.528091839802735,2.5999865903890664,4.356094310529349,1.7454125909655225
418,0.37602900056232075,1.2555975583519818,-0.9350503783074029,
419,0.6998516039952808,3.2906025320772767,4.3109958174190925,-0.5015620156764883
420,3.170126807887376,2.960370562971024,5.778760650469758,2.831558740209737
421,0.6661852252425062,3.2111457461691946,0.9420473159524241,2.22891608722473
422,3.5183553598587998,-0.031165572331817024,2.8556471519561857,1.1815363592900572
423,4.064985639362945,4.270678792670567,3.9639565507116346,3.5840093522424814
424,3.3217026181332105,2.279268361564178,2.0172032249290233,-0.43318409026302807
425,1.5501738637551534,2.7209892168947785,4.766855232078826,-0.30576648508953086
426,2.280649176585171,3.6663439514293295,3.794380959712773,1.4755158515435165
427,0.34250712442928183,3.8657244264528514,3.3100096128902003,0.9576953013325606
428,1.901353744769534,3.164907157313893,1.882120783529013,3.2420807656545727
429,2.761158946044432,3.1457375248165995,5.473087254693073,1.19061335321301
430,2.1072901928055257,2.920549959685255,2.790628482846799,1.4306363852973074
431,2.295245342490465,3.3806073466350144,-1.2530556355993558,1.604726594592456
432,2.502762268510481,2.3726583070782743,3.0912804417191815,0.02283392199088607
433,1.1365558564523521,1.5990116181432226,2.8786497329106577,2.6513259945788508
434,3.1050508122931673,3.352947058462853,4.195023063865634,1.7992465466392373
435,2.6781220217034836,3.6557048094127342,4.534838321222866,-0.9748583224252088
436,0.5691346835776524,5.04977579508013,2.823911443938841,2.4001551810990325
437,2.816344651853705,4.567898550284854,4.113022629552759,1.0878601113952953
438,2.121284567101859,5.432423807287212,5.473241325525495,0.4903384503364102
439,2.0224380052232322,3.095971996027958,-0.23586063150132347,2.087908315936945
440,2.531497439797208,4.314801783886469,2.997982556953362,
441,1.8428927222054494,1.9573990022205994,2.0408346108794815,0.667950796097819
442,2.725455019490164,3.892243411085246,4.412872919446262,1.4577379737113252
443,2.2280500703045987,3.8253516067431086,2.18428725387251,1.9670025812930292
444,2.109675377650303,4.708855018537683,3.316586058715844,0.7620734962887141
445,2.1375782264288907,1.632814857647325,2.9066290116494837,-1.3570561493597937
446,0.9046754161787952,4.670115415379321,2.7556459845674253,1.4152748860214408
447,0.2881834209906158,1.2555975583519818,-1.0386423322125335,1.4577379737113252
448,3.388357447333504,3.18618118449396,2.672652220365429,0.8457272700351931
449,1.4970817115269295,3.5871846839852863,5.708440297692792,1.7343302454511855
450,-0.4233606743303682,1.650702823414462,1.4928374034340857,1.0476496180193304
451,2.48337320722727,2.634529667838613,3.667982050259881,-1.1030080743876662
452,3.636731522092785,3.3509652460379455,5.229081793617841,1.7752545798407044
453,3.386500699038167,2.349629060772981,2.854610349609084,
454,1.5663639224421242,2.615101266467544,6.260756486838899,0.7715174184557905
455,2.248102662689514,4.372716043063269,3.622128259721163,0.295661404161283
456,2.483012615441574,3.5114632556833536,3.7396399381732497,0.01400798994582806
457,2.4832649585432724,4.3569612305741785,2.5328211060769648,0.3009452774532877
458,3.9857655535357375,3.406773288154988,4.947624254381416,1.2089160591188581
459,-0.8828542995240023,3.843629382856087,2.054537594820414,0.07407902041489844
460,0.6431435163448679,3.9257629467505524,1.610905568624707,1.062458591348209
461,2.805432324280069,4.286342024054671,4.165547964576117,-0.3889995229643867
462,3.6051834183722336,4.090173897612704,1.199890465193858,0.6463149620871809
463,4.416195606747422,5.357399415682653,2.0547250464897258,
464,2.2746573280635056,3.410083648874701,4.649312241530718,0.6332887782507601
465,1.7450915936460913,3.6536274932290773,3.5624561618089894,0.37839807606617093
466,1.5474846168237297,3.5810406773548933,0.04838013141750478,1.7602160821154047
467,2.2154950618104823,4.294901240761535,1.9784505049174619,0.8630401417035419
468,2.2052300105940796,1.762382625470518,4.330861957096369,-0.8879628022374327
469,1.0021256676494992,1.6211070533232976,2.845049237227104,1.8337546884087375
470,1.2018560611133533,3.974790530763311,1.8791840570662939,-0.7161419580535134
471,1.4799503506155516,3.838622631862073,1.2170355088864961,-0.5601783402452395
472,1.4417448329334972,2.659601744299796,1.3400529231757499,
473,0.39326997236758743,3.8770921810352013,0.5023868369289596,1.4480857361647685
474,2.088031035521724,3.6572667915050867,1.7140408307176043,-0.7149425946425217
475,0.7854111813895223,2.7964718409162055,2.701907108199402,-1.1944762534057909
476,-0.5428604122066351,3.875480351341641,1.3544687140748408,1.4152748860214408
477,1.3112059485962877,0.7161419580535133,-0.12960883233424206,
478,1.215990658057595,2.123354465302698,1.273088952973098,
479,2.107331132300651,2.205444894454709,3.0394397709750614,1.3328142271480432
480,0.6854229483444721,1.5655730663350265,0.7304759790105709,1.7759289710742348
481,1.5486952223701742,-0.5799714666838403,3.3467611507905866,-0.4557493608298633
482,2.9417956392821445,2.7559911272731745,2.982973556410915,2.405316316595125
483,2.163810096472496,1.3042828463913534,0.9253669419834492,0.40753413843222674
484,1.0285949116727597,2.62518649601876,4.05115414125472,-0.5262826349039463
485,0.7775512796582795,2.944673870974224,1.9082630175813362,0.13795821011293616
486,0.37649355443321963,2.6967518500555205,2.349959532289564,-0.28017778681116734
487,2.0233466160940456,2.547241191990542,2.614265280325593,-0.10380121637779605
488,1.458393350285822,1.108808670674724,3.951311977455521,-1.033497933006201
489,2.12444811462863,2.217242117072013,1.2396185377703486,-1.6101217873690967
490,3.4404483889737785,1.9838038488674292,0.6319199526142504,1.9572631553509279
491,0.3570477882949462,1.4683121368474752,1.7216628517806694,-1.858062650678755
492,0.5937285027602606,2.7844798072658667,2.6220429959666984,-0.6555509918503594
493,2.404703934456584,3.925477959806341,1.888426260431556,0.9821591226678523
494,1.192246069123997,4.987817867729133,3.3863444050034457,0.19941807907750522
495,3.199590597984647,3.422150335703317,3.6804800074911714,
496,1.468763418092171,3.5554093599123777,1.4006929467152034,-0.14162971168374153
497,-0.5497312489735664,1.355590554660454,2.4924380277439755,1.1100251342545988
498,1.5379946765014372,1.302189533278991,2.272404836243795,0.58815018904211
499,1.0885057397548523,3.0446810759261225,2.0045771022852423,1.080330937372582
500,1.6912201190052403,1.8760485975277423,1.367916389513927,1.3370051783637529
501,0.800091961909064,1.6844716535703246,0.48941529998037425,0.04156356712085226
502,0.5206043434283742,0.5228694751227396,1.0187344164042509,0.49971611648814523
503,1.9913962929869824,3.1410269510953692,1.7540711267482096,
504,0.920018843299239,2.9196289683591736,2.9530952425461594,1.511854281918812
505,1.6502931006860577,4.039853056748906,0.016946072964414825,0.5698118300948121
506,3.4660579812424404,2.962420430927982,4.337862948705482,-0.3236703931088697
507,1.8481397285114876,1.4153322189133664,0.6926713842724296,0.6781253679066578
508,-0.7269579513418005,0.698638131005772,2.5347852209117145,1.8055083694218061
509,0.8203760134467871,1.6068270063163304,0.43995004036999974,2.2125103960907015
510,1.3783193120189983,3.000942052384202,1.4702397942156828,-0.7815699114499051
511,1.6855606620961754,2.8644562062056544,0.030857861529738205,-0.8113428952701127
512,1.8128143568134987,2.470991992404127,1.2445838270497052,4.505908083058333
513,1.2770708885919557,3.7841089848032374,1.3943847803550589,0.7444652417027752
514,0.5824505089895662,2.935161044433717,3.147113190293529,-0.3418349546426108
515,2.220101118377982,3.1263880459663675,1.817561776782405,2.328212945252069
516,1.6184227841420329,2.4970300993271737,2.930867311247947,0.404906778084337
517,2.009965300246227,4.525498388696502,1.9343805009577604,0.38599925603998586
518,1.92831961027111,2.4668794418793096,0.016982986230575144,-0.2399860966367473
519,1.759028912246982,2.4968252075047364,2.4345930724127465,0.20873597818739983
520,0.4085401755791317,4.51117521182863,0.6786286708129038,1.795740027627181
521,1.731554997675358,2.8281174978885697,1.040353717029668,0.6128575067251629
522,3.90748872213835,5.135035199778083,3.142269553151393,2.047022685341875
523,0.868529486811406,2.4734269466901537,2.655513128049267,1.8659916262711562
524,0.6106334104286353,3.575312918304154,3.606198983679777,0.1336306209562122
525,2.1001207548949026,1.8259795338240061,3.028137425411939,-0.20893118678005584
526,1.9090995978155372,3.036519296846577,0.8555307160871625,0.732835808025947
527,0.5593481909923169,1.6497063953771713,0.0036696751231122975,2.0479193421445103
528,4.929529164699425,2.673836516904785,3.0538195623515163,1.1722446816233332
529,1.5560645259075647,2.9440371611023193,2.7656844859060237,-0.18843185200267246
530,3.7344893722702093,4.106425640305038,3.5646197655984038,3.0366400452586317
531,2.645011973197614,3.4855039589273433,4.370519853616706,4.033410891025975
532,0.45951306253641755,1.2000605636483288,2.222316227891272,2.0620588078415962
533,3.0328908285105416,2.0403885559258645,2.449045889422718,-0.698638131005772
534,2.4712377004483908,1.0250676470842632,0.8465736949564413,2.89728773743196
535,4.072881910914292,4.084953612178838,2.7596979252980036,-0.698638131005772
536,2.385909279624408,4.192878204817105,4.607739881244107,1.0940636316349024
537,6.0604532368287805,4.8755232254137155,3.80540106250461,3.0876009762102417
538,2.4293212221563856,3.031160352077207,4.1697190112664915,2.309468564464714
539,1.6808797023556301,1.7111297337113875,3.5164721232189193,-0.9059030546742843
540,1.7824818511153842,1.3809332873770717,2.7694045196355037,
541,2.3119778411083836,3.363538022743386,4.684546269908265,-1.1199550497876822
542,4.7653490683977004,3.49764383282501,4.710566832753422,2.035388213769145
543,3.2556585986434046,4.338377074529148,0.9615068562609166,0.5651101927935507
544,4.385538212710358,3.1947492814192553,4.488882803629565,3.9290665306713404
545,4.976860133453542,6.3755479564370185,3.260902335471389,3.128378602448342
546,2.9611124455232,4.123325637925815,3.5960823334212533,-0.8716711625784727
547,3.9744890136530096,4.577810955355038,4.792896562751365,3.7662051359435376
548,2.9826203921381893,4.111094837068988,3.4519627356136864,4.269973288952862
549,3.8046198238402447,5.101913749038666,2.826331602016217,5.009970895923436
550,2.853201375252033,3.8316398724191667,1.7412676322948992,2.5127274918077886
551,4.12433042619712,2.7067138220619307,3.7659902089992077,1.5593148149800815
552,3.7583091412440996,5.42637227068383,3.6851936408117854,5.681186085872993
553,3.788277296956689,2.038477236556105,3.05091760093033,-0.22071578875603498
554,2.9870620690658987,4.16760748486292,3.279433939545917,6.2866655373317455
555,3.575759557490636,1.2432643450675982,0.7315744738565285,2.747810261540698
556,6.136847369608928,4.279199322415189,5.435758835299125,1.2459843137694508
557,3.363255713014702,3.6438882791131832,3.709694961250434,0.9729587599210734
558,2.894498352576643,2.8993368861099804,3.3643452266047826,0.907390034631842
559,2.3345921745063523,2.8673822880663615,3.896146177900415,-0.6680574034580805
560,1.406296937739414,4.269727935521424,2.534350099526026,0.62394915806054
561,4.2387701561699584,5.713014844402675,3.9080299077646115,2.594765244202705
562,0.1976489104308838,5.591031399277572,1.955779671242941,1.1375693360191366
563,3.9744278692540935,5.290929091741145,4.413682080653596,3.5235454251205303
564,2.276378718371902,5.800847958729348,5.1592531184504455,1.6767454815314293
565,3.512951270534963,0.8223079515182037,2.612867774968445,0.9341423910227556
566,1.5857203358488223,2.7004656376683758,3.7928466505968825,-1.4577379737113254
567,2.133918887489807,2.109564806108015,2.4882843164807817,3.5425930191996833
568,4.588390005038111,3.850218432012166,3.6040756461890555,-0.698638131005772
569,2.6285962853267626,4.350088077096699,2.4059481888636567,0.32880615389054846
570,5.65712631148633,5.304744273196296,3.294824415610123,2.247809608974531
571,1.4856358132764378,1.9096883989938642,3.8515291670167193,2.7822740389825644
572,-0.859175449176806,3.234498379961314,4.637320103552605,1.7339768799709128
573,2.1976098832413116,1.8055083694218061,2.9394073290004763,0.0
574,3.3152203701287593,2.5037907371644406,2.506980074009369,-0.7458749730029051
575,3.0698426442058904,3.4389049713477546,6.104269963124775,1.4581267679204057
576,1.977092166598721,2.316498755461379,1.184922422624688,1.3072394870238766
577,4.293631218103315,3.3635363366705358,4.538832852458761,4.071327819988543
578,5.347128917545623,4.235173767035867,4.011622523744605,2.770985943776577
579,4.33976563636465,1.4290455935044768,2.698032202478058,-0.14396923454929988
580,2.5467072753859887,3.548249087997564,5.903108501555335,3.8912594349047525
581,3.736548554890938,2.9917084555592712,5.621558453821599,1.595255748765636
582,2.0353969592254537,5.15926491525372,3.143233243999769,2.3688306124333343
583,1.5067160541282956,4.0470137351249535,3.9769856660843548,1.3226854474933007
584,5.002837963194991,3.1927282159164023,4.579765175971629,2.156908653258566
585,1.0440687183821562,4.6362640998747,1.860833194107068,4.130966376959724
586,3.743427280401424,2.8106948532942386,1.5250748465437531,2.6252296553111214
587,2.3962833015809255,3.0610624848199417,1.9409858713390349,4.572604555624344
588,4.001818017225433,3.3863027532061505,3.1004468118263153,2.6403414902142504
589,4.1751026230066755,5.67012904581445,5.084987951275525,-0.0034401249365981815
590,5.492736300207994,2.344071832292417,3.955089021043816,1.5033630846229904
591,2.63680749370206,4.717390961707755,2.408765910106647,1.8873160116598382
592,2.1181018744269102,1.7262585769987628,3.7010390471457906,-0.4644320838247574
593,2.1261463389756545,4.201807462760312,3.3112692393189476,0.7213982858766829
594,5.010827342578445,4.176871936800648,5.782964501653601,3.4748489301393213
595,0.9494869849210278,3.311488552623274,4.306893692225699,0.24992538227934893
596,-1.0325287901455042,4.344512512374024,5.145842574460601,2.195306852099349
597,0.9916400387857855,2.5556707936952288,5.545498219454344,1.9490536976177653
598,1.37925430732237,2.835585841378557,5.530641366594191,1.4879589857198172
599,-0.22095180964022001,1.6963778593599423,1.6255654899596532,0.8044364052479893
600,0.7387977412160084,3.0134624856882275,3.468344619396377,
601,1.1039829353990427,-0.00868845018865309,1.8269049721052937,2.9308582449331975
602,1.9090804187446504,2.991920265425501,3.3359697270219604,0.4798580464671812
603,0.17813211319216035,3.5224186486710702,2.9889332955944012,1.3872901186985673
604,1.421934888112697,5.012868483695954,4.589007730858379,0.8624747224236895
605,0.7050239879106326,0.1748608658315439,3.3281679231323174,0.5172458440188307
606,-0.9317069123045497,2.290537737133898,2.3580648723429283,
607,-1.4557490504936774,1.7454125909655225,2.6717089232828957,1.4577379737113252
608,1.3547020412349122,5.153075685990057,3.3148213744574675,1.8939788708701986
609,1.6549042186908853,1.0934703288491685,3.042292149631141,1.9559305040369892
610,1.6828056464616048,3.096380697731944,2.1192330352978783,1.449253584316075
611,2.899679142956452,1.5425223523388742,2.631291572244063,1.5724432035788454
612,1.3884605723303778,4.010836021631407,4.375071904826114,3.5605532985348782
613,0.2927510472770145,1.0571694791463349,4.209177210090896,0.4835275910886386
614,2.2441377252606904,0.5307319598962931,3.7709803882774353,1.6976582862929066
615,3.420260421390708,3.304817476221157,2.9209891098603094,2.297674523226747
616,0.5466078669037279,3.2961689822020497,3.806397000035564,0.7492426115280794
617,1.4403632311380208,3.5313478154995837,2.0504479870155725,1.4066539538005676
618,3.0894627441847944,2.7655545031943958,4.815254483047685,2.086295217821497
619,2.376105432988515,1.509032880509136,3.0582668972061113,2.5327049936820676
620,1.7938460991479444,2.681843833727398,3.114157248381433,0.46769615906516404
621,0.47604605118256116,1.9467160879489622,3.862578553441707,2.854388081969868
622,0.7822413930249449,1.3629812058373023,2.2744814702931135,1.5725315582089439
623,1.3421301367123428,4.217570703254695,3.3087751750117746,-0.6686825816492831
624,0.7632159323740315,2.0573498037493954,3.7395589009830568,0.6782084767551233
625,0.6689956878792962,2.432947793075355,3.1971788109874337,0.06864093042845365
626,1.2100452081167432,1.0457415525603386,1.829972619830773,0.6135358189958946
627,-0.9984706054013808,1.603283033752082,2.030701180924753,1.2122842745816702
628,2.5161426504029873,3.46567539626147,2.7425983339561757,2.55816368419785
629,2.132015538360365,4.314452775117131,4.264025388245836,1.9016819287712765
630,3.312866919859379,4.228507809328573,5.068437906384152,1.291848572371194
631,0.5413902920037097,2.589074741972206,2.515196280882928,0.10659779674672
632,2.7639484978878484,2.49259498907081,3.835338618408264,1.5970387672546715
633,1.670172041135643,4.04122095638447,4.554314680654402,2.4615089269266943
634,1.8508561533178645,1.3054431973135514,1.027219277605666,2.314079177163825
635,0.9845925756379764,3.251061509419356,4.779816090981816,0.7370277311900889
636,3.699432248334463,0.7939921363966764,2.2458116569442725,1.457249236136582
637,3.0993172533185156,4.01551158349853,2.7700329459695463,1.231525380405499
638,0.9236936370908965,2.81436667240317,3.651823410083637,2.3220669560261014
639,4.8227946324714965,4.762820866814333,4.733779131041835,0.24309080868470395
640,2.5322457625154455,1.1179031637553358,2.3664487623476207,1.0536115593627824
641,3.603376726466444,1.7213471138479475,4.359658847135852,1.231525380405499
642,1.3908116266992603,0.9059030546742843,-0.6859943405700355,1.4577379737113252
643,2.7323040036433253,1.8784441990566516,6.840724279865385,1.981049289816103
644,5.051531585999366,3.8669417249616425,5.751922552730867,1.7590419589938264
645,4.825775807164027,3.2023592287482017,0.18931435454035264,2.3480421189166165
646,4.969082210918442,-0.02614749539817506,1.9959678329301123,1.9613116917563025
647,4.638791901694481,5.278242008583491,4.911918559913222,4.1442240757561475
648,0.8860409177543455,2.0754578211205006,3.7534860979237252,-0.018118031379876106
649,2.911025757989502,4.711646676668926,6.749105528868091,0.869151035217361
650,3.4723859072984142,2.886062698621984,2.941186984158258,3.44187956464463
651,2.821919762392747,4.338657814599025,6.066039713363036,1.9799089860462729
652,4.290881045870496,4.619010209839024,1.0976124742703497,3.3799698689047215
653,3.522176044163848,4.309695983135178,5.001181043053951,1.8732959125662532
654,4.3612813196691835,4.9530820770738755,4.284598973551161,2.1186925453402425
655,3.2001774246631167,3.495985870142925,2.9094093273458164,2.3241285733572328
656,1.98173387934014,3.2324156171980505,2.8582091449219855,1.263406806231792
657,4.5415057081651575,2.026453027276969,1.06210949983975,1.892655782512729
658,4.771715649322915,3.453223758039142,1.850681191320478,-0.7209416334945395
659,2.667910364268494,5.23733131832232,4.881917728163364,3.2066167200615676
660,1.0999600356721297,2.539537119062352,4.289684523390479,1.7309433580902025
661,2.2777580887530577,3.8002093553605194,3.5257858972437237,1.1224560156576964
662,1.5020871206327144,3.9154681962327023,-0.06613261654239636,0.8581180949373806
663,4.726192592574604,3.733958339280016,3.871989932169575,2.4442702629361657
664,4.797100798025767,2.6881219515885406,4.69848456709196,2.678013804695623
665,1.9977628709067141,2.2956652450635127,2.113338891259214,2.9971746923990423
666,0.8071371929681969,4.949006660606394,4.4602648582632405,0.33899930913515075
667,-0.7370277311900888,3.856762045960682,2.757029946517738,-0.04403386697960575
668,-0.16313646310746782,2.784829493054535,4.900593481737814,1.798630950768108
669,-0.7118979135872302,3.3213312245573188,4.814379117449695,0.9848844362663776
670,0.5705672311587668,1.557308684286849,-0.06609926411022031,0.21531945845715425
671,0.8753345960828601,2.654145793735801,4.871545772774415,
672,0.530839601887203,3.930897604145247,3.699895445057706,0.9490494498234945
673,2.0620680694835145,2.4950047877271975,3.458445951178375,1.8055083694218061
674,0.9143749738313185,3.406628660418056,3.5550621754969662,1.5650472040642487
675,0.6384707171803793,2.9947436362386486,4.904584225304283,-0.23537121376866574
676,0.6068680482603823,1.4260442493847234,3.17846499359634,-0.02289462116156134
677,-0.8637828650391354,4.652037185701949,5.4711700837171,1.8055083694218061
678,2.3173080936911865,0.4798580464671812,1.9425737977935116,1.4577379737113252
679,1.8071490130857095,3.1416977919107625,4.278502116772251,0.7255393298739783
680,0.35239237098823406,2.831338420625984,5.368725600054694,0.5435435629597236
681,0.7093889785871299,0.7310100606628543,1.9851423446118375,2.51455906369587
682,0.20289956063296777,2.245833717892669,3.982352800431505,0.7944983186528235
683,1.1809393206682324,3.6007796095674607,3.9066315256150133,2.764639379329554
684,-0.12406424207971502,1.9507536684740767,3.209863638153723,-0.6711198063776601
685,-1.4914926076295514,1.1814051301276,5.253689251270424,0.5388402366056464
686,1.8586425486992852,1.586802699028709,3.087727489629135,0.9238655422778862
687,-0.33057666909528466,3.479782274775492,4.529578087807486,1.1712297003546717
688,-0.6644721866703668,5.372057244588675,3.0172871700255484,1.2181916567845879
689,2.5309390505512686,1.7947069016922343,6.120014979764299,1.9946658750938282
690,2.1283574007042456,1.2960512125697352,3.004482812873892,0.8749855755819376
691,1.8059568473295562,2.6888061663941976,0.31951879624605023,3.7569136433522408
692,-0.8029368164555898,2.679389778890871,4.373505794493452,0.6217003198855219
693,-0.23948328571945715,3.595407102459764,0.8865118467668222,0.8694555666537744
694,2.390286792444545,3.8624128081709506,2.3314369549263665,0.5724553546678491
695,-0.24338217429445133,2.4745161254359904,5.220067817069199,1.7346761229180705
696,-0.3438408676115798,3.9076259238972115,5.785149851633638,1.7541293614276607
697,0.8243045141475914,2.962743206748843,2.1073626264523253,3.1838447219039008
698,0.016651783809339408,1.7177325936949142,1.862968692992889,1.856308850367272
699,-0.48405012419746807,1.6990154752635103,3.429927921020933,1.2479923754746751
700,1.0824015711298811,4.137353690678325,5.296958970120128,2.975365043587576
701,1.4969120523180899,2.9499972210143284,4.792109579011535,3.9945934926638533
702,-0.46230504543758366,2.4587448859448937,4.902838100659063,3.57077456917493
703,4.459030895464835,4.739126304124093,2.557145160634032,0.8828631841750778
704,0.11489710466059816,4.941253966569924,3.559202541727865,0.9413501199459425
705,3.266383560565385,4.4459423582194155,3.5583316131536447,2.090070058899505
706,1.455480405984375,5.109714036711713,6.055697303851159,1.842084750317025
707,0.7948701641301955,0.2259371039710046,1.90329002063042,0.779282784208492
708,2.682416353535027,2.425514789009093,2.317697346665656,
709,4.38200823797932,2.615828986896414,1.560285202079571,1.0478664900314534
710,4.924095273421643,3.353377360945914,3.948275706229953,1.8055083694218061
711,0.9345264481123277,3.7711037743998026,4.738212841652708,3.6873661002276927
712,3.876787914528411,3.3954724618939327,6.114021207380937,0.23241315540998742
713,2.9778619168183633,1.6358090224473076,5.337382602753991,-1.4899077267320986
714,2.987966534962212,3.933671481739057,4.312055276437091,1.8055083694218061
715,0.2691714540564744,1.2555975583519818,0.8746376524230413,1.4577379737113252
716,2.5812081627806216,3.076272600381033,5.195940759563638,1.3714702088691222
717,3.719484608631579,2.774800180054557,7.012952569823977,3.030350359314666
718,2.4949852290193015,3.2821859291725177,-0.025653390320215384,2.994596183868899
719,3.9553330144787546,-0.6128997563316992,4.661142470791433,0.541372560737361
720,4.7481060745882555,4.204382917390995,5.4592709413168,3.51520486036314
721,1.6923518298560247,1.121210027947509,3.8663986646518738,-0.5742710457985437
722,3.788598006018589,3.513577704583594,6.634301701039955,-0.17752540804965067
723,2.6871078760551805,3.4197207624960932,3.99687453040453,2.6242320391325484
724,3.295077218966724,3.5464796602570603,4.586606429282389,2.4894761471624345
725,2.6245013965590704,4.504074101394182,3.5479490495199006,3.5011976074149698
726,3.7772129882105627,3.537690109862147,6.095892719239153,2.725005138979446
727,3.115972529273241,3.3167640207416227,5.082608675990443,0.8908912083752548
728,2.583876218511907,2.591239834301124,2.5424753110798024,3.089611809467886
729,3.828004415740709,3.3747869122970453,2.8682179221451234,0.9845814680378141
730,3.322720834363132,2.581465256929808,2.2292517516879475,2.582681423750296
731,3.9966948050269266,2.9350484736344993,4.63861969972493,1.2145976802021627
732,3.0761407534198715,5.282841973423727,4.932595956292548,3.8926831571853096
733,2.186326564323187,2.865427013470264,4.030170603711878,1.7309433580902025
734,1.713596107981732,3.3964097607537784,1.7292817538349632,-0.2074598813481077
735,1.735721521844491,2.3959541462572296,2.7682856015590236,-0.24579854907169824
736,4.927535319703667,2.896521505753103,7.155961318608173,0.7459664389437285
737,4.439566528543082,3.9651626655073167,5.377834174144397,2.0395769652927798
738,1.697271729963261,2.657135781130393,4.090402734140488,2.8564120160382624
739,5.172844540859332,4.286259593914018,3.899014762697649,3.991482556520591
740,-1.5273776699016979,3.7236255963405633,3.5896012385578553,2.2147352084766037
741,2.1876985132015982,5.859193893648249,2.5949848539410594,0.8653952598449524
742,0.6530689342496793,3.322446013528024,1.8951619205220505,1.2290570136977432
743,2.724083047662738,4.390362928099246,2.9288112506830273,3.303012333696432
744,0.8270322635817159,3.9815039557952976,4.968526649920471,3.1532540650003407
745,1.3103666687999667,-0.690226087751508,1.3773496275777306,0.5284573704250721
746,1.5730924819816152,4.8264343250402915,5.227390411162497,-0.9057814462600394
747,4.0890047821397175,1.6344840108571042,3.4348668867640315,3.2343317379683167
748,5.237731504360373,4.886979863408852,3.613850753008908,0.04156356712085226
749,-0.08286644771756571,3.568447490561615,1.8284198454421174,-0.17762706970902398
750,3.5703452957095383,4.087984352781684,3.8642740064732366,2.301992892638111
751,1.7150592423551905,1.0616473333910523,0.5046842509095021,2.3203736180137726
752,0.235437897914941,3.508402822882511,4.6783637434180525,-0.6986381310057719
753,0.44524814853788125,1.4152748860214408,-0.8336157713463008,1.231525380405499
754,-0.3644152009026229,2.63858382945039,4.2644418586162285,0.3925443335529388
755,3.9780219780219777,1.803009004195094,3.677051464838501,1.5163886378672855
756,1.613746658109699,2.5031384300562687,2.303228503575577,1.0452136929956846
757,4.020269920409809,0.23374238273524586,0.8555625820182894,2.8800185793329884
758,3.7922337956563323,3.9828323172189735,3.9562082762868562,3.0038837535776346
759,1.2563729757228297,1.012712949049106,3.690212010287167,-0.6711198063776601
760,2.9226399910515553,3.5546679123879024,4.954679279843082,1.6825508248550298
761,3.764881204088113,3.06025763779035,1.9139837074264419,3.760472813416541
762,2.767398678516757,3.008816195058743,3.863756467296594,3.2672617698541897
763,3.9121356870053394,2.844445348960957,4.157939751986808,1.2595706270981282
764,3.238697502977926,2.633941386062641,5.633226915217626,1.8683483429924062
765,3.522164413174007,3.32791491568524,1.700892901037763,3.4627603765874326
766,2.8482813628464494,1.7278459598800506,1.0682532690624182,1.7303489865782418
767,2.732832937541839,2.2767193407388913,1.5831756316248298,2.873767137538299
768,1.4557472601762933,1.1672886906445763,1.4703317055368392,2.1088160580827915
769,2.3845458185873927,3.892061204609543,2.8021301464002693,1.431375383736465
770,3.142570867370325,2.92639319935342,4.658335964792376,1.0212536406251607
771,0.9835468618628073,3.5104791093023007,5.014858290213949,-0.28001089872966045
772,1.55358410730727,3.373411420400404,2.566152043761003,-0.8781647854063356
773,1.382758675814066,2.1438898216193114,1.0107816643475056,2.4858191380901213
774,5.126742930319813,2.435657844834568,2.007856571044335,3.4035945807768964
775,3.612069300565377,4.009832882059052,3.969536987901647,3.480989483424547
776,2.6014564086956096,3.0204818794051014,3.8287642716781054,3.403073447245863
777,4.061768987488617,4.7876521999625385,4.512280965902103,1.680908141052696
778,-0.3313574510409009,2.2453688239762464,3.9989110620687285,2.1265205345428364
779,2.975631510628162,4.598864618025407,4.205883126833717,1.6900009571431764
